-- phpMyAdmin SQL Dump
-- version 5.1.0
-- https://www.phpmyadmin.net/
--
-- Host: 127.0.0.1
-- Tempo de geração: 07/05/2021 às 01:33
-- Versão do servidor: 10.4.17-MariaDB
-- Versão do PHP: 8.0.0

SET SQL_MODE = "NO_AUTO_VALUE_ON_ZERO";
START TRANSACTION;
SET time_zone = "+00:00";


/*!40101 SET @OLD_CHARACTER_SET_CLIENT=@@CHARACTER_SET_CLIENT */;
/*!40101 SET @OLD_CHARACTER_SET_RESULTS=@@CHARACTER_SET_RESULTS */;
/*!40101 SET @OLD_COLLATION_CONNECTION=@@COLLATION_CONNECTION */;
/*!40101 SET NAMES utf8mb4 */;

--
-- Banco de dados: `cesec`
--

-- --------------------------------------------------------

--
-- Estrutura para tabela `alunos`
--

CREATE TABLE `alunos` (
  `id` int(11) NOT NULL,
  `nome` varchar(50) NOT NULL,
  `cadastro` varchar(20) NOT NULL,
  `telefone` varchar(20) NOT NULL,
  `email` varchar(50) NOT NULL
) ENGINE=InnoDB DEFAULT CHARSET=utf8;

--
-- Despejando dados para a tabela `alunos`
--

INSERT INTO `alunos` (`id`, `nome`, `cadastro`, `telefone`, `email`) VALUES
(18, 'Elizabeth Windsor', '25100', '(32) 98745-1400', 'elizabeth.windsor@silverstone.us'),
(22, 'Thomas Shelby', '21666', '(35) 98826-5415', 'thomas.shelby@birmingham.com.uk'),
(26, 'Albert Einstein', '20000', '(31) 98800-6418', 'albert.einstein@physics.com'),
(30, 'Edson Arantes do Nascimento', '20010', '(35) 91010-1010', 'edson.pele@hotmail.com'),
(31, 'Don Corleone de Alpaca', '21006', '(31) 98458-8771', 'don.corleone@yahoo.com'),
(32, 'Alfred Hitchcock', '20001', '(32) 98110-5413', 'alfred.hitchcock@yellowstone.com'),
(33, 'Tina Tuner Hammond', '21999', '(31) 98874-5154', 'tina.tuner@mtv.com.br'),
(43, 'Sylvester Stalone Cobra', '21009', '(34) 96352-1524', 'sylvester.stalone@rambo3.com'),
(49, 'Winston Churchill', '20166', '(31) 98771-1887', 'winston.churchill@ww2.com'),
(58, 'Sérgio Malandro Sales', '23455', '(31) 98333-0078', 'sergio.malandro@sbt.com.br'),
(60, 'Tonia Carrero', '23444', '(35) 98865-2140', 'tonia.carrero@uol.com.br'),
(61, 'Maria das Graças', '21008', '(35) 97748-1542', 'maria.graças@cpu.com.ar'),
(62, 'Silvio Caldas', '24387', '(34) 95214-7520', 'silvio.caldas@yahoo.com'),
(63, 'Alex Silva', '20144', '(35) 98454-5514', 'alex.silva@gmail.com');

-- --------------------------------------------------------

--
-- Estrutura para tabela `avaliacao`
--

CREATE TABLE `avaliacao` (
  `id` int(11) NOT NULL,
  `turma` int(11) NOT NULL,
  `tipo` varchar(50) NOT NULL,
  `nota_max` int(11) NOT NULL,
  `data_av` date NOT NULL
) ENGINE=InnoDB DEFAULT CHARSET=utf8;

--
-- Despejando dados para a tabela `avaliacao`
--

INSERT INTO `avaliacao` (`id`, `turma`, `tipo`, `nota_max`, `data_av`) VALUES
(27, 9, 'PROVA 01/04/2021', 1700, '2021-04-01'),
(28, 13, 'TRABALHO 20/07/2021', 2000, '2021-07-20'),
(29, 9, 'PROVA 24/10/2021', 2500, '2021-10-24'),
(30, 13, 'TRABALHO 21/09/2021', 2000, '2021-09-21'),
(32, 14, 'Trabalho 15/06/2021', 5000, '2021-06-15');

-- --------------------------------------------------------

--
-- Estrutura para tabela `disciplinas`
--

CREATE TABLE `disciplinas` (
  `id` int(11) NOT NULL,
  `nome` varchar(50) NOT NULL
) ENGINE=InnoDB DEFAULT CHARSET=utf8;

--
-- Despejando dados para a tabela `disciplinas`
--

INSERT INTO `disciplinas` (`id`, `nome`) VALUES
(1, 'Matemática Fundamental'),
(2, 'Matemática Ens. Médio');

-- --------------------------------------------------------

--
-- Estrutura para tabela `frequencia`
--

CREATE TABLE `frequencia` (
  `id` int(11) NOT NULL,
  `aluno` int(11) NOT NULL,
  `turma` int(11) NOT NULL,
  `tipo` varchar(20) NOT NULL,
  `data_freq` date NOT NULL,
  `hora_freq` time NOT NULL,
  `carga_horaria` time DEFAULT NULL
) ENGINE=InnoDB DEFAULT CHARSET=utf8;

--
-- Despejando dados para a tabela `frequencia`
--

INSERT INTO `frequencia` (`id`, `aluno`, `turma`, `tipo`, `data_freq`, `hora_freq`, `carga_horaria`) VALUES
(40, 26, 9, 'entrada', '2021-04-28', '15:23:57', '00:00:00'),
(41, 32, 9, 'entrada', '2021-04-28', '15:24:00', '00:00:00'),
(42, 31, 9, 'entrada', '2021-04-28', '15:24:02', '00:00:00'),
(43, 30, 9, 'entrada', '2021-04-28', '15:24:04', '00:00:00'),
(47, 18, 9, 'entrada', '2021-04-28', '15:24:19', '00:00:00'),
(48, 58, 13, 'entrada', '2021-04-28', '15:24:22', '00:00:00'),
(49, 22, 13, 'entrada', '2021-04-28', '15:24:25', '00:00:00'),
(51, 33, 13, 'entrada', '2021-04-28', '15:24:34', '00:00:00'),
(53, 49, 13, 'entrada', '2021-04-28', '15:24:42', '00:00:00'),
(55, 26, 9, 'saida', '2021-04-28', '17:12:53', '01:48:56'),
(56, 32, 9, 'saida', '2021-04-28', '17:12:55', '01:48:55'),
(57, 31, 9, 'saida', '2021-04-28', '17:12:58', '01:48:56'),
(58, 30, 9, 'saida', '2021-04-28', '17:13:00', '01:48:56'),
(59, 18, 9, 'saida', '2021-04-28', '17:13:03', '01:48:44'),
(61, 43, 13, 'saida', '2021-04-28', '17:13:13', '20:13:13'),
(62, 58, 13, 'saida', '2021-04-28', '17:13:39', '01:49:17'),
(63, 22, 13, 'saida', '2021-04-28', '17:13:48', '01:49:23'),
(65, 33, 13, 'saida', '2021-04-28', '17:14:01', '01:49:27'),
(67, 49, 13, 'saida', '2021-04-28', '17:14:13', '01:49:31'),
(68, 26, 9, 'entrada', '2021-04-29', '19:00:28', '00:00:00'),
(69, 32, 9, 'entrada', '2021-04-29', '19:00:35', '00:00:00'),
(70, 31, 9, 'entrada', '2021-04-29', '19:00:37', '00:00:00'),
(71, 30, 9, 'entrada', '2021-04-29', '19:00:40', '00:00:00'),
(72, 18, 9, 'entrada', '2021-04-29', '19:00:43', '00:00:00'),
(73, 43, 13, 'entrada', '2021-04-29', '19:00:45', '00:00:00'),
(74, 58, 13, 'entrada', '2021-04-29', '19:00:49', '00:00:00'),
(75, 22, 13, 'entrada', '2021-04-29', '19:00:56', '00:00:00'),
(76, 33, 13, 'entrada', '2021-04-29', '19:00:59', '00:00:00'),
(77, 49, 13, 'entrada', '2021-04-29', '19:01:03', '00:00:00'),
(78, 26, 9, 'saida', '2021-04-29', '22:30:22', '03:29:54'),
(79, 32, 9, 'saida', '2021-04-29', '22:30:25', '03:29:50'),
(80, 31, 9, 'saida', '2021-04-29', '22:30:28', '03:29:51'),
(81, 30, 9, 'saida', '2021-04-29', '22:30:30', '03:29:50'),
(82, 18, 9, 'saida', '2021-04-29', '22:30:35', '03:29:52'),
(83, 43, 13, 'saida', '2021-04-29', '22:30:40', '03:29:55'),
(84, 58, 13, 'saida', '2021-04-29', '22:30:43', '03:29:54'),
(85, 22, 13, 'saida', '2021-04-29', '22:30:47', '03:29:51'),
(86, 33, 13, 'saida', '2021-04-29', '22:30:49', '03:29:50'),
(87, 49, 13, 'saida', '2021-04-29', '22:30:52', '03:29:49'),
(88, 26, 9, 'entrada', '2021-04-30', '19:02:11', '00:00:00'),
(89, 32, 9, 'entrada', '2021-04-30', '19:02:13', '00:00:00'),
(90, 31, 9, 'entrada', '2021-04-30', '19:02:16', '00:00:00'),
(91, 30, 9, 'entrada', '2021-04-30', '19:02:18', '00:00:00'),
(92, 18, 9, 'entrada', '2021-04-30', '19:02:22', '00:00:00'),
(93, 43, 13, 'entrada', '2021-04-30', '19:02:30', '00:00:00'),
(94, 43, 13, 'entrada', '2021-04-30', '19:02:31', '00:00:00'),
(95, 58, 13, 'entrada', '2021-04-30', '19:02:35', '00:00:00'),
(96, 22, 13, 'entrada', '2021-04-30', '19:02:38', '00:00:00'),
(97, 33, 13, 'entrada', '2021-04-30', '19:02:41', '00:00:00'),
(98, 49, 13, 'entrada', '2021-04-30', '19:02:43', '00:00:00'),
(99, 26, 9, 'saida', '2021-04-30', '22:32:56', '03:30:45'),
(100, 32, 9, 'saida', '2021-04-30', '22:32:58', '03:30:45'),
(101, 31, 9, 'saida', '2021-04-30', '22:33:00', '03:30:44'),
(102, 30, 9, 'saida', '2021-04-30', '22:33:03', '03:30:45'),
(103, 18, 9, 'saida', '2021-04-30', '22:33:09', '03:30:47'),
(104, 43, 13, 'saida', '2021-04-30', '22:33:13', '03:30:43'),
(105, 58, 13, 'saida', '2021-04-30', '22:33:16', '03:30:41'),
(106, 22, 13, 'saida', '2021-04-30', '22:33:19', '03:30:41'),
(107, 33, 13, 'saida', '2021-04-30', '22:33:22', '03:30:41'),
(108, 49, 13, 'saida', '2021-04-30', '22:33:24', '03:30:41'),
(109, 26, 9, 'entrada', '2021-05-03', '19:02:53', '00:00:00'),
(110, 32, 9, 'entrada', '2021-05-03', '19:02:56', '00:00:00'),
(111, 31, 9, 'entrada', '2021-05-03', '19:02:58', '00:00:00'),
(112, 30, 9, 'entrada', '2021-05-03', '19:03:01', '00:00:00'),
(113, 18, 9, 'entrada', '2021-05-03', '19:03:05', '00:00:00'),
(114, 43, 13, 'entrada', '2021-05-03', '19:03:09', '00:00:00'),
(115, 58, 13, 'entrada', '2021-05-03', '19:03:12', '00:00:00'),
(116, 22, 13, 'entrada', '2021-05-03', '19:03:15', '00:00:00'),
(117, 33, 13, 'entrada', '2021-05-03', '19:03:17', '00:00:00'),
(118, 49, 13, 'entrada', '2021-05-03', '19:03:20', '00:00:00'),
(119, 26, 9, 'saida', '2021-05-03', '22:31:37', '03:28:44'),
(120, 32, 9, 'saida', '2021-05-03', '22:31:40', '03:28:44'),
(121, 31, 9, 'saida', '2021-05-03', '22:31:42', '03:28:44'),
(122, 30, 9, 'saida', '2021-05-03', '22:31:45', '03:28:44'),
(123, 18, 9, 'saida', '2021-05-03', '22:31:48', '03:28:43'),
(124, 43, 13, 'saida', '2021-05-03', '22:31:50', '03:28:41'),
(125, 58, 13, 'saida', '2021-05-03', '22:31:52', '03:28:40'),
(126, 22, 13, 'saida', '2021-05-03', '22:31:55', '03:28:40'),
(127, 33, 13, 'saida', '2021-05-03', '22:31:57', '03:28:40'),
(128, 49, 13, 'saida', '2021-05-03', '22:31:59', '03:28:39'),
(129, 26, 9, 'entrada', '2021-05-04', '19:01:14', '00:00:00'),
(130, 32, 9, 'entrada', '2021-05-04', '19:01:17', '00:00:00'),
(131, 31, 9, 'entrada', '2021-05-04', '19:01:21', '00:00:00'),
(132, 30, 9, 'entrada', '2021-05-04', '19:01:24', '00:00:00'),
(133, 18, 9, 'entrada', '2021-05-04', '19:01:31', '00:00:00'),
(134, 43, 13, 'entrada', '2021-05-04', '19:01:36', '00:00:00'),
(135, 58, 13, 'entrada', '2021-05-04', '19:01:39', '00:00:00'),
(136, 22, 13, 'entrada', '2021-05-04', '19:01:41', '00:00:00'),
(137, 33, 13, 'entrada', '2021-05-04', '19:01:44', '00:00:00'),
(138, 49, 13, 'entrada', '2021-05-04', '19:01:47', '00:00:00'),
(139, 26, 9, 'saida', '2021-05-04', '22:31:01', '03:29:47'),
(140, 32, 9, 'saida', '2021-05-04', '22:31:04', '03:29:47'),
(141, 31, 9, 'saida', '2021-05-04', '22:31:06', '03:29:45'),
(142, 30, 9, 'saida', '2021-05-04', '22:31:08', '03:29:44'),
(143, 18, 9, 'saida', '2021-05-04', '22:31:10', '03:29:39'),
(144, 43, 13, 'saida', '2021-05-04', '22:31:13', '03:29:37'),
(145, 58, 13, 'saida', '2021-05-04', '22:31:15', '03:29:36'),
(146, 22, 13, 'saida', '2021-05-04', '22:31:18', '03:29:37'),
(147, 33, 13, 'saida', '2021-05-04', '22:31:20', '03:29:36'),
(148, 49, 13, 'saida', '2021-05-04', '22:31:23', '03:29:36'),
(149, 26, 9, 'entrada', '2021-05-05', '19:03:39', '00:00:00'),
(150, 32, 9, 'entrada', '2021-05-05', '19:03:42', '00:00:00'),
(151, 31, 9, 'entrada', '2021-05-05', '19:03:45', '00:00:00'),
(152, 30, 9, 'entrada', '2021-05-05', '19:03:48', '00:00:00'),
(153, 18, 9, 'entrada', '2021-05-05', '19:03:51', '00:00:00'),
(154, 43, 13, 'entrada', '2021-05-05', '19:03:53', '00:00:00'),
(155, 58, 13, 'entrada', '2021-05-05', '19:03:55', '00:00:00'),
(156, 22, 13, 'entrada', '2021-05-05', '19:03:57', '00:00:00'),
(157, 33, 13, 'entrada', '2021-05-05', '19:04:00', '00:00:00'),
(158, 49, 13, 'entrada', '2021-05-05', '19:04:02', '00:00:00'),
(159, 26, 9, 'saida', '2021-05-05', '22:32:16', '03:28:37'),
(160, 32, 9, 'saida', '2021-05-05', '22:32:19', '03:28:37'),
(161, 31, 9, 'saida', '2021-05-05', '22:32:21', '03:28:36'),
(162, 30, 9, 'saida', '2021-05-05', '22:32:25', '03:28:37'),
(163, 18, 9, 'saida', '2021-05-05', '22:32:27', '03:28:36'),
(164, 43, 13, 'saida', '2021-05-05', '22:32:30', '03:28:37'),
(165, 58, 13, 'saida', '2021-05-05', '22:32:32', '03:28:37'),
(166, 22, 13, 'saida', '2021-05-05', '22:32:35', '03:28:38'),
(167, 33, 13, 'saida', '2021-05-05', '22:32:37', '03:28:37'),
(168, 49, 13, 'saida', '2021-05-05', '22:32:43', '03:28:41'),
(169, 49, 13, 'saida', '2021-05-05', '22:32:44', '03:28:42'),
(170, 26, 9, 'entrada', '2021-05-06', '19:00:58', '00:00:00'),
(171, 32, 9, 'entrada', '2021-05-06', '19:01:00', '00:00:00'),
(172, 31, 9, 'entrada', '2021-05-06', '19:01:02', '00:00:00'),
(173, 30, 9, 'entrada', '2021-05-06', '19:01:04', '00:00:00'),
(174, 18, 9, 'entrada', '2021-05-06', '19:01:11', '00:00:00'),
(175, 58, 13, 'entrada', '2021-05-06', '19:01:14', '00:00:00'),
(176, 22, 13, 'entrada', '2021-05-06', '19:01:17', '00:00:00'),
(177, 33, 13, 'entrada', '2021-05-06', '19:01:20', '00:00:00'),
(178, 49, 13, 'entrada', '2021-05-06', '19:01:24', '00:00:00'),
(189, 26, 9, 'saida', '2021-05-06', '22:35:25', '03:34:27'),
(190, 32, 9, 'saida', '2021-05-06', '22:35:29', '03:34:29'),
(191, 31, 9, 'saida', '2021-05-06', '22:35:31', '03:34:29'),
(192, 30, 9, 'saida', '2021-05-06', '22:35:34', '03:34:30'),
(193, 18, 9, 'saida', '2021-05-06', '22:35:36', '03:34:25'),
(194, 43, 13, 'saida', '2021-05-06', '22:35:38', '01:35:38'),
(195, 43, 13, 'saida', '2021-05-06', '22:35:47', '01:35:47'),
(196, 58, 13, 'saida', '2021-05-06', '22:35:51', '03:34:37'),
(197, 22, 13, 'saida', '2021-05-06', '22:35:54', '03:34:37'),
(198, 22, 13, 'saida', '2021-05-06', '22:35:56', '03:34:39'),
(199, 33, 13, 'saida', '2021-05-06', '22:35:59', '03:34:39'),
(200, 49, 13, 'saida', '2021-05-06', '22:36:02', '03:34:38'),
(201, 26, 9, 'entrada', '2021-05-07', '19:00:27', '00:00:00'),
(202, 32, 9, 'entrada', '2021-05-07', '19:00:31', '00:00:00'),
(203, 31, 9, 'entrada', '2021-05-07', '19:00:33', '00:00:00'),
(204, 30, 9, 'entrada', '2021-05-07', '19:00:35', '00:00:00'),
(205, 18, 9, 'entrada', '2021-05-07', '19:00:37', '00:00:00'),
(206, 43, 13, 'entrada', '2021-05-07', '19:00:40', '00:00:00'),
(207, 58, 13, 'entrada', '2021-05-07', '19:00:43', '00:00:00'),
(208, 22, 13, 'entrada', '2021-05-07', '19:00:46', '00:00:00'),
(209, 33, 13, 'entrada', '2021-05-07', '19:00:49', '00:00:00'),
(210, 49, 13, 'entrada', '2021-05-07', '19:00:51', '00:00:00'),
(211, 26, 9, 'saida', '2021-05-07', '22:35:07', '03:34:40'),
(212, 32, 9, 'saida', '2021-05-07', '22:35:09', '03:34:38'),
(213, 31, 9, 'saida', '2021-05-07', '22:35:11', '03:34:38'),
(214, 30, 9, 'saida', '2021-05-07', '22:35:13', '03:34:38'),
(215, 18, 9, 'saida', '2021-05-07', '22:35:17', '03:34:40'),
(216, 43, 13, 'saida', '2021-05-07', '22:35:20', '03:34:40'),
(217, 58, 13, 'saida', '2021-05-07', '22:35:22', '03:34:39'),
(218, 22, 13, 'saida', '2021-05-07', '22:35:26', '03:34:40'),
(219, 33, 13, 'saida', '2021-05-07', '22:35:29', '03:34:40'),
(220, 49, 13, 'saida', '2021-05-07', '22:35:31', '03:34:40'),
(221, 26, 9, 'entrada', '2021-06-07', '19:01:09', '00:00:00'),
(222, 32, 9, 'entrada', '2021-06-07', '19:01:12', '00:00:00'),
(223, 31, 9, 'entrada', '2021-06-07', '19:01:15', '00:00:00'),
(224, 30, 9, 'entrada', '2021-06-07', '19:01:17', '00:00:00'),
(225, 18, 9, 'entrada', '2021-06-07', '19:01:19', '00:00:00'),
(226, 43, 13, 'entrada', '2021-06-07', '19:01:22', '00:00:00'),
(227, 58, 13, 'entrada', '2021-06-07', '19:01:25', '00:00:00'),
(228, 22, 13, 'entrada', '2021-06-07', '19:01:27', '00:00:00'),
(229, 33, 13, 'entrada', '2021-06-07', '19:01:30', '00:00:00'),
(230, 49, 13, 'entrada', '2021-06-07', '19:01:34', '00:00:00'),
(231, 26, 9, 'saida', '2021-06-07', '22:31:46', '03:30:37'),
(232, 32, 9, 'saida', '2021-06-07', '22:31:48', '03:30:36'),
(233, 31, 9, 'saida', '2021-06-07', '22:31:51', '03:30:36'),
(234, 30, 9, 'saida', '2021-06-07', '22:31:54', '03:30:37'),
(235, 18, 9, 'saida', '2021-06-07', '22:31:57', '03:30:38'),
(236, 43, 13, 'saida', '2021-06-07', '22:32:00', '03:30:38'),
(237, 58, 13, 'saida', '2021-06-07', '22:32:03', '03:30:38'),
(238, 22, 13, 'saida', '2021-06-07', '22:32:06', '03:30:39'),
(239, 33, 13, 'saida', '2021-06-07', '22:32:08', '03:30:38'),
(240, 49, 13, 'saida', '2021-06-07', '22:32:12', '03:30:38'),
(241, 26, 9, 'entrada', '2021-07-07', '19:02:31', '00:00:00'),
(242, 32, 9, 'entrada', '2021-07-07', '19:02:34', '00:00:00'),
(243, 31, 9, 'entrada', '2021-07-07', '19:02:39', '00:00:00'),
(244, 30, 9, 'entrada', '2021-07-07', '19:02:42', '00:00:00'),
(245, 18, 9, 'entrada', '2021-07-07', '19:02:47', '00:00:00'),
(246, 43, 13, 'entrada', '2021-07-07', '19:02:55', '00:00:00'),
(247, 58, 13, 'entrada', '2021-07-07', '19:02:58', '00:00:00'),
(248, 22, 13, 'entrada', '2021-07-07', '19:03:01', '00:00:00'),
(249, 33, 13, 'entrada', '2021-07-07', '19:03:04', '00:00:00'),
(250, 49, 13, 'entrada', '2021-07-07', '19:03:07', '00:00:00'),
(251, 26, 9, 'saida', '2021-07-07', '22:34:24', '03:31:53'),
(252, 32, 9, 'saida', '2021-07-07', '22:34:27', '03:31:53'),
(253, 31, 9, 'saida', '2021-07-07', '22:34:30', '03:31:51'),
(254, 30, 9, 'saida', '2021-07-07', '22:34:32', '03:31:50'),
(255, 18, 9, 'saida', '2021-07-07', '22:34:35', '03:31:48'),
(256, 43, 13, 'saida', '2021-07-07', '22:34:37', '03:31:42'),
(257, 58, 13, 'saida', '2021-07-07', '22:34:41', '03:31:43'),
(258, 33, 13, 'saida', '2021-07-07', '22:34:44', '03:31:40'),
(259, 49, 13, 'saida', '2021-07-07', '22:34:46', '03:31:39'),
(260, 26, 9, 'entrada', '2021-08-12', '19:01:06', '00:00:00'),
(261, 32, 9, 'entrada', '2021-08-12', '19:01:09', '00:00:00'),
(262, 31, 9, 'entrada', '2021-08-12', '19:01:12', '00:00:00'),
(263, 30, 9, 'entrada', '2021-08-12', '19:01:15', '00:00:00'),
(264, 18, 9, 'entrada', '2021-08-12', '19:01:17', '00:00:00'),
(265, 43, 13, 'entrada', '2021-08-12', '19:01:20', '00:00:00'),
(266, 58, 13, 'entrada', '2021-08-12', '19:01:24', '00:00:00'),
(267, 22, 13, 'entrada', '2021-08-12', '19:01:26', '00:00:00'),
(268, 33, 13, 'entrada', '2021-08-12', '19:01:29', '00:00:00'),
(269, 49, 13, 'entrada', '2021-08-12', '19:01:33', '00:00:00'),
(270, 26, 9, 'saida', '2021-08-12', '22:33:42', '03:32:36'),
(271, 32, 9, 'saida', '2021-08-12', '22:33:45', '03:32:36'),
(272, 31, 9, 'saida', '2021-08-12', '22:33:47', '03:32:35'),
(273, 30, 9, 'saida', '2021-08-12', '22:33:50', '03:32:35'),
(274, 18, 9, 'saida', '2021-08-12', '22:33:52', '03:32:35'),
(275, 58, 13, 'saida', '2021-08-12', '22:34:00', '03:32:36'),
(276, 22, 13, 'saida', '2021-08-12', '22:34:02', '03:32:36'),
(277, 33, 13, 'saida', '2021-08-12', '22:34:04', '03:32:35'),
(278, 49, 13, 'saida', '2021-08-12', '22:34:07', '03:32:34'),
(279, 26, 9, 'entrada', '2021-09-10', '19:02:22', '00:00:00'),
(280, 32, 9, 'entrada', '2021-09-10', '19:02:26', '00:00:00'),
(281, 31, 9, 'entrada', '2021-09-10', '19:02:28', '00:00:00'),
(282, 30, 9, 'entrada', '2021-09-10', '19:02:31', '00:00:00'),
(283, 18, 9, 'entrada', '2021-09-10', '19:02:34', '00:00:00'),
(284, 43, 13, 'entrada', '2021-09-10', '19:02:38', '00:00:00'),
(285, 58, 13, 'entrada', '2021-09-10', '19:02:43', '00:00:00'),
(286, 22, 13, 'entrada', '2021-09-10', '19:02:48', '00:00:00'),
(287, 33, 13, 'entrada', '2021-09-10', '19:02:51', '00:00:00'),
(288, 49, 13, 'entrada', '2021-09-10', '19:02:54', '00:00:00'),
(289, 26, 9, 'saida', '2021-09-10', '22:34:11', '03:31:49'),
(290, 32, 9, 'saida', '2021-09-10', '22:34:14', '03:31:48'),
(291, 31, 9, 'saida', '2021-09-10', '22:34:17', '03:31:49'),
(292, 30, 9, 'saida', '2021-09-10', '22:34:20', '03:31:49'),
(293, 18, 9, 'saida', '2021-09-10', '22:34:23', '03:31:49'),
(294, 43, 13, 'saida', '2021-09-10', '22:34:26', '03:31:48'),
(295, 58, 13, 'saida', '2021-09-10', '22:34:29', '03:31:46'),
(296, 22, 13, 'saida', '2021-09-10', '22:34:31', '03:31:43'),
(297, 33, 13, 'saida', '2021-09-10', '22:34:34', '03:31:43'),
(298, 49, 13, 'saida', '2021-09-10', '22:34:36', '03:31:42'),
(299, 26, 9, 'entrada', '2021-10-21', '19:03:03', '00:00:00'),
(300, 32, 9, 'entrada', '2021-10-21', '19:03:06', '00:00:00'),
(301, 31, 9, 'entrada', '2021-10-21', '19:03:09', '00:00:00'),
(302, 30, 9, 'entrada', '2021-10-21', '19:03:12', '00:00:00'),
(303, 18, 9, 'entrada', '2021-10-21', '19:03:14', '00:00:00'),
(304, 43, 13, 'entrada', '2021-10-21', '19:03:17', '00:00:00'),
(305, 58, 13, 'entrada', '2021-10-21', '19:03:19', '00:00:00'),
(306, 22, 13, 'entrada', '2021-10-21', '19:03:22', '00:00:00'),
(307, 33, 13, 'entrada', '2021-10-21', '19:03:25', '00:00:00'),
(308, 49, 13, 'entrada', '2021-10-21', '19:03:28', '00:00:00'),
(312, 26, 9, 'saida', '2021-10-21', '22:35:40', '03:32:37'),
(313, 32, 9, 'saida', '2021-10-21', '22:35:42', '03:32:36'),
(314, 31, 9, 'saida', '2021-10-21', '22:35:45', '03:32:36'),
(315, 30, 9, 'saida', '2021-10-21', '22:35:48', '03:32:36'),
(316, 18, 9, 'saida', '2021-10-21', '22:35:50', '03:32:36'),
(317, 43, 13, 'saida', '2021-10-21', '22:35:53', '03:32:36'),
(318, 58, 13, 'saida', '2021-10-21', '22:35:55', '03:32:36'),
(319, 22, 13, 'saida', '2021-10-21', '22:35:59', '03:32:37'),
(320, 33, 13, 'saida', '2021-10-21', '22:36:03', '03:32:38'),
(321, 49, 13, 'saida', '2021-10-21', '22:36:05', '03:32:37');

-- --------------------------------------------------------

--
-- Estrutura para tabela `matriculas`
--

CREATE TABLE `matriculas` (
  `id` int(11) NOT NULL,
  `turma` int(11) NOT NULL,
  `aluno` int(11) NOT NULL,
  `data` date NOT NULL
) ENGINE=InnoDB DEFAULT CHARSET=utf8;

--
-- Despejando dados para a tabela `matriculas`
--

INSERT INTO `matriculas` (`id`, `turma`, `aluno`, `data`) VALUES
(25, 9, 26, '2021-04-27'),
(28, 9, 32, '2021-04-27'),
(33, 9, 31, '2021-04-27'),
(35, 9, 30, '2021-04-27'),
(37, 9, 18, '2021-04-27'),
(106, 13, 43, '2021-04-27'),
(107, 13, 58, '2021-04-27'),
(108, 13, 22, '2021-04-27'),
(110, 13, 33, '2021-04-27'),
(112, 13, 49, '2021-04-27'),
(115, 9, 60, '2021-05-02'),
(116, 13, 60, '2021-05-02'),
(118, 9, 61, '2021-05-02'),
(121, 13, 61, '2021-05-02'),
(122, 9, 62, '2021-05-02'),
(124, 13, 62, '2021-05-02'),
(125, 14, 63, '2021-05-02');

-- --------------------------------------------------------

--
-- Estrutura para tabela `notas`
--

CREATE TABLE `notas` (
  `id` int(11) NOT NULL,
  `turma` int(11) NOT NULL,
  `aluno` int(11) NOT NULL,
  `avaliacao` int(11) NOT NULL,
  `nota` int(11) DEFAULT NULL
) ENGINE=InnoDB DEFAULT CHARSET=utf8;

--
-- Despejando dados para a tabela `notas`
--

INSERT INTO `notas` (`id`, `turma`, `aluno`, `avaliacao`, `nota`) VALUES
(72, 9, 32, 27, 1300),
(73, 9, 31, 27, 1600),
(74, 9, 30, 27, 1400),
(75, 9, 18, 27, 900),
(77, 13, 43, 28, 1900),
(78, 13, 58, 28, 1800),
(79, 13, 22, 28, 1000),
(81, 13, 33, 28, 1400),
(83, 13, 49, 28, 600),
(85, 9, 26, 29, 1800),
(86, 9, 32, 29, 2200),
(87, 9, 31, 29, 2100),
(88, 9, 30, 29, 800),
(89, 9, 18, 29, 2500),
(91, 13, 43, 30, 1900),
(92, 13, 58, 30, 1400),
(93, 13, 22, 30, 1600),
(95, 13, 33, 30, 1200),
(97, 13, 49, 30, 2000),
(98, 9, 60, 27, 1200),
(99, 9, 60, 29, 1600),
(100, 13, 60, 28, 0),
(101, 13, 60, 30, 0),
(102, 9, 61, 27, 0),
(103, 9, 61, 29, 0),
(104, 13, 61, 28, 0),
(105, 13, 61, 30, 0),
(106, 9, 62, 27, 0),
(107, 9, 62, 29, 0),
(108, 13, 62, 28, 1900),
(109, 13, 62, 30, 1800),
(110, 14, 63, 32, 0);

-- --------------------------------------------------------

--
-- Estrutura para tabela `professores`
--

CREATE TABLE `professores` (
  `id` int(11) NOT NULL,
  `nome` varchar(50) NOT NULL,
  `cpf` varchar(20) NOT NULL,
  `telefone` varchar(20) NOT NULL,
  `email` varchar(50) NOT NULL
) ENGINE=InnoDB DEFAULT CHARSET=utf8;

--
-- Despejando dados para a tabela `professores`
--

INSERT INTO `professores` (`id`, `nome`, `cpf`, `telefone`, `email`) VALUES
(1, 'Jairo de Paula', '214.987.562-40', '(35) 96684-8751', 'jairo@hotmail.com');

-- --------------------------------------------------------

--
-- Estrutura para tabela `turmas`
--

CREATE TABLE `turmas` (
  `id` int(11) NOT NULL,
  `disciplina` int(11) NOT NULL,
  `data_inicio` date DEFAULT NULL,
  `data_final` date DEFAULT NULL,
  `horario` varchar(30) DEFAULT NULL,
  `dia` varchar(30) DEFAULT NULL,
  `ano` int(11) NOT NULL,
  `professor` int(11) NOT NULL,
  `carga_horaria` int(11) NOT NULL
) ENGINE=InnoDB DEFAULT CHARSET=utf8;

--
-- Despejando dados para a tabela `turmas`
--

INSERT INTO `turmas` (`id`, `disciplina`, `data_inicio`, `data_final`, `horario`, `dia`, `ano`, `professor`, `carga_horaria`) VALUES
(9, 2, '2021-02-02', '2021-12-10', 'De 19:00 às 22:30', 'Segundas e quartas', 2021, 1, 80),
(13, 2, '2021-02-02', '2021-12-10', 'De 19:00 às 22:30', 'Sexta-feira', 2021, 1, 80),
(14, 1, '2021-03-04', '2021-07-29', 'De 19 as 22', 'Quintas', 2021, 1, 70);

--
-- Índices para tabelas despejadas
--

--
-- Índices de tabela `alunos`
--
ALTER TABLE `alunos`
  ADD PRIMARY KEY (`id`);

--
-- Índices de tabela `avaliacao`
--
ALTER TABLE `avaliacao`
  ADD PRIMARY KEY (`id`);

--
-- Índices de tabela `disciplinas`
--
ALTER TABLE `disciplinas`
  ADD PRIMARY KEY (`id`);

--
-- Índices de tabela `frequencia`
--
ALTER TABLE `frequencia`
  ADD PRIMARY KEY (`id`);

--
-- Índices de tabela `matriculas`
--
ALTER TABLE `matriculas`
  ADD PRIMARY KEY (`id`);

--
-- Índices de tabela `notas`
--
ALTER TABLE `notas`
  ADD PRIMARY KEY (`id`);

--
-- Índices de tabela `professores`
--
ALTER TABLE `professores`
  ADD PRIMARY KEY (`id`);

--
-- Índices de tabela `turmas`
--
ALTER TABLE `turmas`
  ADD PRIMARY KEY (`id`);

--
-- AUTO_INCREMENT para tabelas despejadas
--

--
-- AUTO_INCREMENT de tabela `alunos`
--
ALTER TABLE `alunos`
  MODIFY `id` int(11) NOT NULL AUTO_INCREMENT, AUTO_INCREMENT=64;

--
-- AUTO_INCREMENT de tabela `avaliacao`
--
ALTER TABLE `avaliacao`
  MODIFY `id` int(11) NOT NULL AUTO_INCREMENT, AUTO_INCREMENT=33;

--
-- AUTO_INCREMENT de tabela `disciplinas`
--
ALTER TABLE `disciplinas`
  MODIFY `id` int(11) NOT NULL AUTO_INCREMENT, AUTO_INCREMENT=6;

--
-- AUTO_INCREMENT de tabela `frequencia`
--
ALTER TABLE `frequencia`
  MODIFY `id` int(11) NOT NULL AUTO_INCREMENT, AUTO_INCREMENT=322;

--
-- AUTO_INCREMENT de tabela `matriculas`
--
ALTER TABLE `matriculas`
  MODIFY `id` int(11) NOT NULL AUTO_INCREMENT, AUTO_INCREMENT=126;

--
-- AUTO_INCREMENT de tabela `notas`
--
ALTER TABLE `notas`
  MODIFY `id` int(11) NOT NULL AUTO_INCREMENT, AUTO_INCREMENT=111;

--
-- AUTO_INCREMENT de tabela `professores`
--
ALTER TABLE `professores`
  MODIFY `id` int(11) NOT NULL AUTO_INCREMENT, AUTO_INCREMENT=7;

--
-- AUTO_INCREMENT de tabela `turmas`
--
ALTER TABLE `turmas`
  MODIFY `id` int(11) NOT NULL AUTO_INCREMENT, AUTO_INCREMENT=15;
COMMIT;

/*!40101 SET CHARACTER_SET_CLIENT=@OLD_CHARACTER_SET_CLIENT */;
/*!40101 SET CHARACTER_SET_RESULTS=@OLD_CHARACTER_SET_RESULTS */;
/*!40101 SET COLLATION_CONNECTION=@OLD_COLLATION_CONNECTION */;
